sender_id,name,username,phone
1,Gabriella Glynne,,4198827962
2,Ber Dallyn,bdallyn1,4859206090
3,Ariella Christmas,,1602545501
4,Myles Kettlestringes,mkettlestringes3,4634207778
5,Blinni Fullilove,bfullilove4,1238414855
6,Raymund Lenahan,,2301596124
7,Winfred Pautard,,1581643323
8,Rafaello Label,rlabel7,6913743960
9,Bartie Wipper,bwipper8,6352501201
10,Catherine Puddan,cpuddan9,6784916444
11,Alysa Spurdens,,4027468160
12,Bo Clegg,,7821691995
13,Nero Rogliero,nroglieroc,2682598581
14,Trstram Kuscha,,5389334790
15,Roseanne Alton,,2549114555
16,Bentlee Peet,,3273775194
17,Gray Basilone,,2068021849
18,Calli Cogswell,ccogswellh,8063891232
19,Dee dee Foggarty,ddeei,7972345277
20,Haily Klaff,,5537466454
21,Marylou Dalinder,mdalinderk,1766836118
22,Garvy Jerrome,,1379748132
23,Kalle Skermer,kskermerm,7954287683
24,Artie Cowle,,9538927961
25,Leilah Hilhouse,lhilhouseo,5129986719
26,Hurlee Raxworthy,,3317985029
27,Elset Kimbley,,1015911393
28,Sybille Hendriks,shendriksr,7221173191
29,Sybil Tal,stals,3803550255
30,Edmon Garford,egarfordt,3137102885
31,Adriena Dalwood,adalwoodu,2518457367
32,Garret Paffot,,2517605710
33,Leta Derye-Barrett,,7795739183
34,Hashim Moultrie,,9409316810
35,Rochella Tawton,,9125298055
36,Lancelot Loos,lloosz,7057171660
37,Ryon Holton,,2955080422
38,Mady Antonietti,,1164755499
39,Tyler Frill,,2368192344
40,Debby Juan,djuan13,4125079605
41,Frederich Sammut,,4395723284
42,Catriona Wickie,cwickie15,7443619269
43,Carlen Dowe,cdowe16,3753641177
44,Adolf Matchitt,,6288813019
45,Miran Scotson,,6916343836
46,Reginald Gyles,rgyles19,7272669155
47,Jacintha Gerrie,jgerrie1a,4014561664
48,Brendin Putton,bputton1b,3022529026
49,Beauregard Nettleship,,2228428590
50,Evangelina Undrell,,2488969808
51,Kira Walburn,kwalburn1e,4556334329
52,Margy Blesdill,mblesdill1f,9251265538
53,Donnamarie Keemar,,2847668011
54,Junina Whightman,jwhightman1h,9576452188
55,Ivonne Rigard,irigard1i,9719305412
56,Eunice Iston,eiston1j,5685247056
57,Obed De Clairmont,ode1k,1858224984
58,Jillayne Fenimore,jfenimore1l,2612955343
59,West Dowsett,wdowsett1m,2057558961
60,Amalia Edelheid,aedelheid1n,1983877425
61,Niki Dominici,ndominici1o,5419645620
62,Ashely Stango,astango1p,1338585708
63,Melinde Stallion,,3053935656
64,Candice O'Farrell,,7678942670
65,Cristie Checchetelli,,5899977424
66,Danya Bridgland,dbridgland1t,4505538491
67,Andreana Chamberlen,,3773389554
68,Ciro Porch,,7683362959
69,Yancey Moretto,ymoretto1w,1725437168
70,Sam Kemwal,,7187622415
71,Hillard Audry,haudry1y,5085177107
72,Pail Groome,,4902828743
73,Reggy Shimmans,,1809661829
74,Mia Kellegher,,3975600109
75,Elle Wilkerson,ewilkerson22,2381463079
76,Chrystal Pretsell,cpretsell23,7475739335
77,Alex Murton,amurton24,3109769782
78,Susi Friett,sfriett25,4559000706
79,Deerdre De Robertis,,4052497721
80,Rebekkah Eckh,reckh27,3989600115
81,Niles Golston,ngolston28,4794859147
82,Devondra Gowling,dgowling29,9652957797
83,Burton Kenningley,bkenningley2a,5013123910
84,Nappie Beidebeke,nbeidebeke2b,9832775412
85,Darrelle Escale,descale2c,7179062959
86,Chilton Harower,,8007748143
87,Kelila Swatridge,,4371705803
88,Cherilyn Eaddy,ceaddy2f,3852729695
89,Laney Szymczyk,lszymczyk2g,3838879997
90,Raymund Hampson,,4095056411
91,Salvador Stockin,,8665544418
92,Tami Anstis,,4455664724
93,Wilfred Gronowe,wgronowe2k,6091699606
94,Shirl Gernier,sgernier2l,4393882359
95,Warner Chittem,wchittem2m,7782045871
96,Chelsae Legonidec,clegonidec2n,8739858487
97,Titus Bassick,tbassick2o,4153601669
98,Ricky Balshen,rbalshen2p,6307795327
99,Heddi Mattholie,hmattholie2q,5077469346
100,Marmaduke Goosnell,,6787252971
101,Jeanine Rummins,jrummins2s,8556230428
102,Sidnee Oliveti,soliveti2t,1802773843
103,Horace Neild,,9579172036
104,Archer De Mattia,,9223352277
105,Kristine Durnell,,6422766662
106,Jone Biasini,jbiasini2x,8123921730
107,Bevin Poulson,,8705201578
108,Opalina Friedman,ofriedman2z,2245983819
109,Catha Critzen,ccritzen30,4531330185
110,Linea Oneile,loneile31,5971520228
111,Gena Bentick,gbentick32,6215158926
112,Zacharia Palfree,zpalfree33,7005806762
113,Dur Prowting,dprowting34,4749450613
114,Webster Brugsma,wbrugsma35,5457712812
115,Chandler Bonnaire,cbonnaire36,8476202041
116,Fredrick Mogridge,,2326696775
117,Torrance Browett,,4068501323
118,Ollie Druett,odruett39,2771816367
119,Cathrin Morin,cmorin3a,3638034871
120,Donnamarie Malone,,1168056578
121,Nicholle Balnaves,,1152351263
122,Micky Manntschke,,4222908146
123,Garrett Camerana,gcamerana3e,9184189726
124,Sallyanne Inglesant,,8574993157
125,Linc Isakovic,lisakovic3g,2693312928
126,Selena Bezzant,sbezzant3h,7613708461
127,Rees Jendrassik,,7818201614
128,Chrisy Rennix,crennix3j,6738515012
129,Xaviera Craghead,,1812223650
130,Colby Capey,,1189704165
131,Will Monkman,,5757079271
132,Mala Bellson,,2887448603
133,Shelba Choudhury,,3826200478
134,Dene Yanshonok,dyanshonok3p,8972286574
135,Peterus Boyer,pboyer3q,3657041760
136,Clerkclaude Leetham,,3942463991
137,Gar Greenalf,ggreenalf3s,4938146451
138,Baron Smeaton,bsmeaton3t,9865661643
139,Britte Sheal,,2797560631
140,Tome Bolles,,6924673944
141,Juliann Kohtler,jkohtler3w,5122695065
142,Xenia Linny,,4696220296
143,Jason Cuesta,jcuesta3y,7907335409
144,Agata Sheather,,8781724310
145,Lissa Nockles,,6238226759
146,Mychal Budgeon,mbudgeon41,3026866465
147,Ros Wybrew,,2672694192
148,Drusie Wallis,,3547968202
149,Alberto Fairchild,afairchild44,4336249428
150,Conroy Hugues,,6873800845
151,Juliet Blewitt,,7264034960
152,Margarette Dandie,,3402207285
153,Jo Lindstedt,jlindstedt48,7157105618
154,Gilburt McFee,,7722667054
155,Jo ann Dowglass,jann4a,4323622059
156,Sheila-kathryn Parvin,,2899454805
157,Jeane Kenforth,jkenforth4c,7714903279
158,Monique Leebetter,mleebetter4d,5777756956
159,Thorstein Bilston,,4866011796
160,Hewe Worrill,hworrill4f,6183379656
161,Vivian Blincowe,,7413795706
162,Missie Sandall,msandall4h,1643901772
163,Stearn Strelitz,,7139054094
164,Kristel Worsham,kworsham4j,5846739480
165,Siobhan Fosten,,7722458617
166,Anita Scobbie,,6477086603
167,Elfie Henric,,8116863663
168,Tracy Maraga,,1428494044
169,Claudian Mockford,cmockford4o,3907039082
170,Lucille Dace,,5172451355
171,Marita Bolino,,4075421873
172,Dimitri Ransley,dransley4r,4587377759
173,Prudence Beyne,,8268849810
174,Vittoria Teather,vteather4t,8696641247
175,Deidre Mochar,dmochar4u,1876541527
176,Ashly Masser,amasser4v,4485935185
177,Christean Sergean,csergean4w,6546117803
178,Daphne Tweede,dtweede4x,9135265477
179,Courtnay Crighton,,9186648603
180,Ellsworth Lansdale,elansdale4z,5119089260
181,Burton Woodage,bwoodage50,5576683106
182,Samson Ashwell,sashwell51,2596768850
183,Jonas McWhin,jmcwhin52,4126615114
184,Tony Sherrum,,6785811762
185,Maddy Chadbourn,mchadbourn54,7005091807
186,Bonni Camies,,5571170922
187,Sioux Leadstone,sleadstone56,5714344108
188,Noby Burrel,,7902482291
189,Stanwood Ebanks,,7297052027
190,Marris Senescall,msenescall59,8709563275
191,Lauryn Worge,,7385776904
192,Heidie Routhorn,hrouthorn5b,2738167996
193,Briny McClosh,,5657883901
194,Pasquale Thombleson,pthombleson5d,5719581179
195,Emmy Freiberg,efreiberg5e,5925652482
196,Gawen Chrestien,gchrestien5f,4961326795
197,Kim Sharer,ksharer5g,8134228976
198,Camel Thinn,cthinn5h,3351545481
199,Amabelle Maffy,amaffy5i,4718517263
200,Corey Enevold,cenevold5j,2734368699
201,Fax Kenton,fkenton5k,1327051116
202,Sibbie Markwelley,smarkwelley5l,8221930891
203,Glyn Woodrooffe,,6935942801
204,Gwen Moylan,,8551387234
205,Anson Stockin,astockin5o,9564709048
206,Clementius Bastick,,6652850286
207,Averyl Zotto,azotto5q,4525938900
208,Leonora Rief,,2864234665
209,Desmund Le Marquand,,8803460963
210,Rutter Broz,rbroz5t,2534270440
211,Zebulon Ringwood,zringwood5u,7142506071
212,Lissy Inns,,6913184213
213,Dolf Elmhurst,delmhurst5w,5973815730
214,Phyllida McCabe,,3499207469
215,Aloisia Jessett,ajessett5y,9303680556
216,Eldon Charlo,echarlo5z,9248751561
217,Carilyn Statham,cstatham60,5969271349
218,Jinny Pengelly,jpengelly61,5597432258
219,Michelle Plimmer,,1952781062
220,Dorice Iwanczyk,diwanczyk63,5091426043
221,Adrien Gilmore,agilmore64,5606866483
222,Vernon Tett,vtett65,2739410913
223,Cash Hinckes,chinckes66,9331818579
224,Estel Le feuvre,ele67,9447491925
225,Tootsie MacCrackan,,9222221223
226,Mona Curuclis,mcuruclis69,2591456732
227,Murdoch Fidele,,7341929471
228,Jeffy Tokley,jtokley6b,5068925573
229,Delcine Kennham,,7865381175
230,Ab Cawdery,acawdery6d,4901818704
231,Cacilie Eccleshare,,8085844092
232,Uri Attridge,,5608466948
233,Lenard Sharrock,lsharrock6g,6957284387
234,Forrest Petschel,,3709040712
235,Finn McCahey,fmccahey6i,2098030433
236,Leonora Daft,,4722231433
237,Alvina De Ortega,ade6k,8173840789
238,Wendy Robins,,3437997587
239,Viviene Hymus,vhymus6m,9822309865
240,Constantino Brooks,cbrooks6n,5699778506
241,Tybi Rude,trude6o,4038168286
242,Torrey Eydel,,2782271172
243,Jasen Gonzalo,jgonzalo6q,5153023342
244,Blithe Niess,bniess6r,7193953521
245,Dael Denisyuk,ddenisyuk6s,5915119191
246,Darcie McErlaine,dmcerlaine6t,1101584319
247,Devlen Harme,dharme6u,1591387883
248,Kinnie Clegg,,4241608123
249,Nariko Botterill,,9121417448
250,Milt Josephi,,8516898353
251,Katya Coviello,kcoviello6y,2282973526
252,Roth Czaja,,7698795962
253,Rodina Carville,rcarville70,3155484200
254,Katrine Mariette,,4436392331
255,Caryl Beauchop,,5857166004
256,Lorry Giacomello,lgiacomello73,4233276653
257,Tricia Morforth,,1826386422
258,Martino Churn,,6209245741
259,Juana Calver,,7145770542
260,Luci Saltrese,,6487138077
261,Byrann Fewlass,,6168137632
262,Eolanda Letertre,eletertre79,1081729091
263,Brunhilda Westley,,5829169731
264,Maribeth Gutowski,,7934233880
265,Martainn Ughelli,,3495512280
266,Cassaundra Ferney,,8402663308
267,Garold Hallbird,,9348235082
268,Marketa Bamell,,1972364651
269,Natka Jakubczyk,,5514507039
270,Dun Hothersall,dhothersall7h,3145089029
271,Murdock Bickford,mbickford7i,7953490319
272,Benny Isakowicz,,5645974791
273,Vita Mothersdale,vmothersdale7k,4616854517
274,Krishnah Confait,kconfait7l,7662568594
275,Susanna Collip,,1387810164
276,Claude Whittington,,1444262304
277,Griffith Halls,ghalls7o,6988388676
278,Ezekiel Woodhall,ewoodhall7p,7726481613
279,Glenn Veldstra,gveldstra7q,5468696236
280,Borden Methley,bmethley7r,1603284146
281,Gabriel Barents,gbarents7s,9985684285
282,Corella Cobbing,,9701209844
283,Axe Oliveti,aoliveti7u,8278928477
284,Natassia Reicharz,,4334689779
285,Celestyn Echalie,cechalie7w,4442686307
286,Shirlene Ubach,subach7x,8818264805
287,Chalmers Gooble,cgooble7y,2447374166
288,Madeleine Mustill,,9259483154
289,Montgomery Flatt,mflatt80,3373040632
290,Jacquette Quinnette,,5295229440
291,Sianna Howman,,6234467995
292,Ardelia Ivanikov,,1827250167
293,Kamilah Fadian,,9585157592
294,Caterina Vowles,cvowles85,8413705321
295,Silvio Gadson,sgadson86,3067585839
296,Hestia Duxfield,hduxfield87,9724549596
297,Priscilla Blesli,,6764037083
298,Daveta Montague,,1386614097
299,Celia Passfield,cpassfield8a,8956532210
300,Pam Rosindill,,7152871838
301,Robinetta Glanton,rglanton8c,1058653901
302,Budd Cranham,,5268225533
303,Myrvyn Manes,mmanes8e,9271299727
304,Zonnya Poad,,2958096298
305,Siobhan Moodie,smoodie8g,7851658077
306,Olly Vinnicombe,,5797292238
307,Zarah Ivan,zivan8i,5281262453
308,Liz Grigoletti,lgrigoletti8j,9345323247
309,Temp Harder,tharder8k,4335500819
310,Kirstyn Butchard,kbutchard8l,3974501189
311,Bryna Antonignetti,,5029032754
312,Ford Tebbe,ftebbe8n,6562553771
313,Michaeline Mellhuish,,8794615558
314,Saunder Samuel,,4622216698
315,Ashton Zimmermeister,azimmermeister8q,4649299216
316,Emyle Winchurch,ewinchurch8r,1431662629
317,Margret Lilian,,2849024270
318,Lowe Bend,,5023015971
319,Bastian Blasio,,4307799633
320,Candra Aarons,caarons8v,5486410554
321,Lora Sayburn,,9927949024
322,Mina Slaney,,7007704944
323,Berkie Poncet,,2861981686
324,Gerhard Kubecka,,5011809227
325,Kali Blasdale,kblasdale90,8228092956
326,Alexandros Methven,,5736594604
327,Lorna Jorger,,9358617341
328,Alanna Odom,aodom93,3771595008
329,Khalil Cammack,kcammack94,2198216487
330,Mona Gethouse,,5214346614
331,Darren Gladwin,,2911442086
332,Jaclyn Tenman,,7319085652
333,Rollo Striker,rstriker98,1682196132
334,Jose Ruddlesden,,7648394599
335,Johnette Shakesby,jshakesby9a,9022513713
336,Genia Ingley,,8886656725
337,Thurston McCorley,,7554784726
338,Candis Bambridge,cbambridge9d,5274944361
339,Spence Ditchett,sditchett9e,6804898369
340,Ajay Bonhome,abonhome9f,6622761926
341,Gauthier Radmer,gradmer9g,7162864766
342,Hedvige Heinssen,hheinssen9h,1317336350
343,Berna Goodley,bgoodley9i,3541038756
344,Catherine Standring,,1659544776
345,Brendon Snewin,bsnewin9k,3197673500
346,Philippine Faires,pfaires9l,6146642275
347,Brendin Petrasso,bpetrasso9m,1577657882
348,Zitella Commings,,2853885704
349,Lenette Todaro,,4139592295
350,Fredek Reddecliffe,,4716546277
351,Hilly Bouller,,8308215129
352,Marney Voice,mvoice9r,6681746311
353,Birch Taggart,,1305154451
354,Raimondo Rawlins,rrawlins9t,7882423947
355,Bo Blonfield,bblonfield9u,2381252536
356,Dorthy Derrington,,1686822908
357,Randolph Petriello,rpetriello9w,8679116197
358,Nikolia Sainteau,,1018780024
359,Estelle Barstowk,ebarstowk9y,2498279809
360,Rodge Kordt,,8608905950
361,Kip Collisson,,8226701753
362,Christiano Bartolomucci,cbartolomuccia1,8286264911
363,Jareb Hanford,,8939527294
364,Rheba Bulch,rbulcha3,1581187184
365,Aeriell Hallet,,7488161503
366,Phelia Napier,,2159931750
367,Elissa Franceschielli,,5964115583
368,Letizia Beauvais,lbeauvaisa7,1836480771
369,Vanny Royan,vroyana8,8813683802
370,Cross Harris,charrisa9,3653894933
371,Xavier Grayham,xgrayhamaa,5932179287
372,Lottie Robiou,,7658865335
373,Lexy Kimmitt,,2497511832
374,Roman Chappel,,6774548607
375,Rosemaria Andriolli,randriolliae,5408617731
376,Shandee Larder,,1736320302
377,Rasla Feetham,rfeethamag,7244597325
378,Katharyn Anwell,kanwellah,3894711331
379,Bessy Winterburn,,5063600634
380,Ivor Lenox,ilenoxaj,1047105402
381,Selene Ciottoi,sciottoiak,6648035883
382,Waylin Bumby,,8049082766
383,Jacquie Fitchen,jfitchenam,3683316753
384,Durand Shepherdson,dshepherdsonan,6394481830
385,Farley Fearenside,ffearensideao,9251218427
386,Damian Lambal,,6725270441
387,Lannie Glencrash,lglencrashaq,7118219528
388,Ondrea Barber,,3454591350
389,Bryna Giacopello,,7858221408
390,Bryant Soames,bsoamesat,5577610688
391,Sibelle Clyne,,1739145370
392,Lindsay Simonsson,,9213183573
393,Berget Monketon,bmonketonaw,3063149395
394,Corrie Botright,cbotrightax,3279657156
395,Honor Fanti,hfantiay,8983961995
396,Jimmie Tibalt,jtibaltaz,9329793229
397,Josie Faunch,,6801264949
398,Roger China,,6523137665
399,Vanya Rego,vregob2,3777139067
400,Gertie Courtin,,1993596014
401,Mavis Meadowcroft,mmeadowcroftb4,7195128612
402,Uriah Eggins,uegginsb5,9717520082
403,Murdoch Schust,mschustb6,3681883876
404,Wilt Cocking,,2771058619
405,Haskel Bolte,hbolteb8,2871063100
406,Lorinda Chang,,2678431594
407,Falkner Halwill,,6844296678
408,Hilario Bodiam,hbodiambb,7383473360
409,Laird Kenderdine,,2029885003
410,Morganne Limeburn,mlimeburnbd,5394547246
411,Gorden Reville,,3732935586
412,Melosa Vondrach,,7263988806
413,Francine Gatus,fgatusbg,4774933746
414,Oneida Peever,opeeverbh,9531724746
415,Nessie Sharplin,nsharplinbi,9586598523
416,Dalenna Besemer,dbesemerbj,6368591086
417,Peg Cackett,pcackettbk,1933010614
418,Jennifer Heindrick,jheindrickbl,6706650492
419,Claiborne Voce,,1715123116
420,Salim Wheelband,swheelbandbn,8674518409
421,Audre Fruen,,3877339200
422,Emyle Dronsfield,edronsfieldbp,8637182814
423,Jude Pithcock,jpithcockbq,8382776514
424,Rhys Jenkyn,rjenkynbr,2128875865
425,Yancy Teffrey,yteffreybs,7111861681
426,Clarette Hickisson,,3047121512
427,Heddie Byham,hbyhambu,7663539839
428,Bondie Seaborne,bseabornebv,4081056105
429,Melvin Itzkin,,2339656589
430,Alice Marginson,amarginsonbx,7189397969
431,Marissa Larver,mlarverby,6212008433
432,Matthew Wathen,mwathenbz,5617301772
433,Sibel Alvarado,salvaradoc0,8361664409
434,Mendel Newlin,mnewlinc1,2102575570
435,Rosalind Chrichton,rchrichtonc2,9213886562
436,Ivie Richard,irichardc3,4095802555
437,Brion Gregson,bgregsonc4,8182790639
438,Trixie Beagles,,2439356450
439,Marybeth Kondratyuk,mkondratyukc6,6664808049
440,Sashenka Tollit,stollitc7,5276279484
441,Denise Matityahu,dmatityahuc8,7696649542
442,Candide Tesh,cteshc9,7523359286
443,Janeczka Arguile,jarguileca,6381082269
444,Joela Augustine,jaugustinecb,4695925086
445,Avrit Bunce,abuncecc,2549234727
446,Glenn Coward,,1018655406
447,Isis Fransson,ifranssonce,9315918015
448,Kippy D'Hooge,kdhoogecf,1085081726
449,Perri Ingree,pingreecg,4623734749
450,Alexia Bowring,abowringch,6419099262
451,Gladys Pes,gpesci,9361504593
452,Tim Gremane,tgremanecj,7903046593
453,Rebe Traylen,,3832850096
454,Tatum Gaskins,tgaskinscl,7607984384
455,Dorry Milkeham,dmilkehamcm,8823135311
456,Dallas Gookey,dgookeycn,5669065095
457,Alfonse Mervyn,,2249134902
458,Ellene Pepperill,,5773174800
459,Kiley Hugland,,6993371376
460,Fair Brezlaw,fbrezlawcr,2746218760
461,Felicdad Manntschke,fmanntschkecs,5499971858
462,Alia Quade,aquadect,3346311243
463,Silvio Tungay,,4123447901
464,Minette O'Hagirtie,mohagirtiecv,2981779667
465,Tye Ochterlonie,,6211116674
466,Louisa Scathard,,3218697369
467,Kimball Mathelin,kmathelincy,6759860123
468,Gina Drohun,gdrohuncz,5892051114
469,Lynnett O'Hear,,6957827678
470,Eugen Barbie,ebarbied1,9121206401
471,Cody Roddy,croddyd2,8303360606
472,Laureen Burde,lburded3,7892277357
473,Silvan Jobbins,sjobbinsd4,7854023171
474,Rafael Songhurst,,1985711433
475,Olin Heisler,oheislerd6,3105467178
476,Dicky Dennison,,4495110407
477,Christoforo MacGeffen,cmacgeffend8,6377587503
478,Elvis Gatenby,,9826134828
479,Dorthea Fulle,dfulleda,1165486108
480,Arden Darragon,adarragondb,5769437546
481,Bendick De Miranda,,3863660826
482,Noah Mellmer,nmellmerdd,3777649608
483,Russ Dielhenn,rdielhennde,5098183651
484,Biddy Meynell,bmeynelldf,3702879161
485,Floris McClay,,7768132437
486,Hailey Measor,hmeasordh,4577721165
487,Carline Roscoe,croscoedi,4396814357
488,Gabie Le Provest,gledj,9182394830
489,Sisile Saiger,ssaigerdk,4955819749
490,Mela Struther,,3535934597
491,Christy Luetkemeyer,cluetkemeyerdm,5392954055
492,Fritz Benzie,fbenziedn,3199211648
493,Vivyanne Casaccio,vcasacciodo,2573522162
494,Vite Feighney,vfeighneydp,9416328900
495,Ellissa Martinello,,1571965549
496,Cassy Titlow,ctitlowdr,9494910716
497,Whittaker Choppen,wchoppends,9778361710
498,Ruggiero Sutehall,rsutehalldt,4168789759
499,Gwendolyn Fourcade,gfourcadedu,4846166913
500,Aliza Outright,aoutrightdv,1443824971
501,Reggie Myott,rmyottdw,8045597115
502,Corie Georgeon,cgeorgeondx,4354985315
503,Kalindi Bauld,,3389667683
504,Arabella Galfour,,2226891739
505,Normand Andrew,nandrewe0,2153717593
506,Thorndike Radbone,tradbonee1,4073937354
507,Jeffrey Midson,,4135240502
508,Dyann Leftridge,dleftridgee3,4055514638
509,Morgen Schinetti,mschinettie4,4815596964
510,Brenda Elcy,,1678355646
511,Gibby Lickorish,glickorishe6,7718316200
512,Mordecai Halling,,6151429732
513,Staci Marney,smarneye8,5673894356
514,Wilton Paolozzi,,4543368238
515,Remington Smedmoor,,7049482816
516,Lianne Clitheroe,lclitheroeeb,6106413381
517,Jaquenette Rollinshaw,jrollinshawec,2153938315
518,Ruddy Steven,,1239671736
519,Elsy Vossing,evossingee,2291101538
520,Effie Ruthen,eruthenef,5293049247
521,Carmina Mintrim,cmintrimeg,9133332520
522,Vallie Chese,,6557432375
523,Corabel Goodwell,,5939705189
524,Akim Raynham,araynhamej,3323490489
525,Millie Dwelly,mdwellyek,2052589376
526,Gustavo McDunlevy,,8659524853
527,Konstance Corbitt,kcorbittem,8555615093
528,Stephen Mapis,smapisen,7394650060
529,Tanhya Corneliussen,,4715599367
530,Jesse Wombwell,,4427863474
531,Nicola Goch,,1132387855
532,Tandi O'Dyvoie,todyvoieer,8342476716
533,Jacob Scougall,jscougalles,6067489580
534,Palm Clamp,,3083255603
535,Fallon Stetson,fstetsoneu,5004895931
536,Coleen Jossum,cjossumev,1852546319
537,Jeramie Lamperti,jlampertiew,2051982386
538,Deirdre Bothbie,,2719143766
539,Alyce Aspinal,,9937493898
540,Welbie Keiling,wkeilingez,4337768187
541,Natka Winskill,nwinskillf0,1176123946
542,Natty Pound,npoundf1,4882494558
543,Kakalina Alliberton,,7198875525
544,Janka Wenden,jwendenf3,2374373628
545,Inez Ruler,,6503167575
546,Katerine Decayette,,3379034253
547,Pauli Welton,pweltonf6,7396504341
548,Maurits Ricci,,2755025113
549,Denys St. Clair,dstf8,4709376273
550,Angelico Fowgies,,9372209722
551,Lynn McDaid,lmcdaidfa,7061638221
552,Reinwald Banner,,3571853707
553,Orton Duny,odunyfc,8854990855
554,Anastassia Ayris,,1696702601
555,Eugenie Oki,eokife,9897765609
556,Josephine Pettegre,,1464238161
557,Jany Roseby,jrosebyfg,8484649972
558,Carlotta Peacey,,3462292413
559,Pete Duce,pducefi,6089947997
560,Rollins McAughtry,,2165880497
561,Katuscha Giovannelli,,8413561483
562,Sandy Scud,sscudfl,5477746540
563,Earvin Trodler,etrodlerfm,7245140552
564,Kendricks Mattaser,kmattaserfn,5091502788
565,Candy Abbyss,cabbyssfo,8949760051
566,Merla Wane,mwanefp,9752012931
567,Frannie Fathers,,3824863437
568,Lotta Spitell,,2863941014
569,Lee Searsby,lsearsbyfs,9306401974
570,Merci Petracci,mpetraccift,1289291855
571,Klarrisa Paternoster,kpaternosterfu,2183651902
572,Dodie McGucken,dmcguckenfv,1108059080
573,Christiana Rillstone,crillstonefw,2924286013
574,Reeva Vereker,,5932322062
575,Hakim Simnor,,4554179376
576,Sydel Laugier,slaugierfz,3498658039
577,Hetty Flicker,hflickerg0,8309753579
578,Mireille McAirt,,7191536200
579,Stevie Rathmell,,6522315959
580,Zacharias Ridgley,,2431527698
581,Kariotta Chatten,kchatteng4,8273881135
582,Althea Foulsham,afoulshamg5,4474147321
583,Thedric Rohfsen,,6979032083
584,Ezechiel Downs,edownsg7,5548664804
585,Frieda Allchorne,fallchorneg8,5239517541
586,Peadar Gumly,pgumlyg9,8273506116
587,Annnora Dutteridge,,9758113777
588,Yanaton Nutting,,7173944046
589,Nadine Keam,nkeamgc,2001427806
590,Alexandr Barthelmes,,3044638075
591,Gunilla Pedlingham,gpedlinghamge,6296531144
592,Alasteir Sanzio,asanziogf,3075121296
593,Ardys Ferns,,9126486192
594,Bonnee Philcox,,7245670868
595,Melisenda Glenister,,9651577395
596,Charlean Jachtym,cjachtymgj,5941685290
597,Lowe Handyside,lhandysidegk,1405718230
598,Erna Andreazzi,eandreazzigl,4881178408
599,Lane Melpuss,lmelpussgm,4989155520
600,Ramona Pharo,rpharogn,5181785465
601,Gusty Corneille,gcorneillego,6725546274
602,Chrisse Dusting,,4142415577
603,Elise Mowsdale,emowsdalegq,9321528766
604,Penny Aickin,paickingr,6021965193
605,Xenia Butterworth,,1438430878
606,Oswald Bilsland,,4606896826
607,Trever Durno,tdurnogu,2275985583
608,Kyle Hardcastle,khardcastlegv,5414815454
609,Weylin Kayzer,,5932205484
610,Ike Threlfall,,7038628862
611,Nananne Catmull,,1348906312
612,Angelique Gamon,agamongz,2733655767
613,Marthe Clitsome,,4395623835
614,Madelene Bucktharp,mbucktharph1,9472762593
615,Dur Duncklee,,3857312252
616,Elfie Laurenz,elaurenzh3,4236885864
617,Yvor Ivashkin,yivashkinh4,7055105081
618,Gwenni Velte,gvelteh5,1124133202
619,Broderic Halloran,,6714964198
620,Robby Blanpein,rblanpeinh7,9917870164
621,Evelin McNevin,emcnevinh8,2468640126
622,Emmalyn Standingford,estandingfordh9,3648582218
623,Page Bounds,pboundsha,1236942350
624,Devy Riquet,driquethb,7947719466
625,Rudolph Terram,rterramhc,7503545607
626,Ephrayim Adamski,eadamskihd,9953639621
627,Lucita Denmead,ldenmeadhe,4788781005
628,Adella Spires,aspireshf,9891192006
629,Opalina Wybourne,owybournehg,9262451110
630,Ilario Aylwin,iaylwinhh,6018159100
631,Geri Deeley,gdeeleyhi,1227832554
632,Rafi Murphey,,6713153139
633,Justus Pourveer,,5629196504
634,Hymie Hilland,hhillandhl,3632972646
635,Shea Mazdon,smazdonhm,7366256515
636,Miller Roskrug,mroskrughn,8231121101
637,Cymbre Goodwill,,3697299692
638,Felicity Howett,fhowetthp,2219751258
639,Bonita Scarfe,bscarfehq,2132765233
640,Rosina Garred,rgarredhr,7848403433
641,Baxy Hamnett,,2429303796
642,Hallsy Lobell,,6887524695
643,Joey Everett,jeveretthu,1456792304
644,Lynde Davenhall,ldavenhallhv,5417812650
645,Meghann Tremellan,mtremellanhw,9055410869
646,Fania Pinkie,fpinkiehx,4328224905
647,Charin Moorhouse,,3246930717
648,Jeniffer Orrin,,5304368519
649,Barbara Ondrus,,8451099761
650,Drew Yerrall,dyerralli1,5012594254
651,Diana Twentyman,dtwentymani2,2938801393
652,Thelma Raggles,tragglesi3,3872812127
653,Jard Philpot,jphilpoti4,7798529958
654,Gonzalo Kaesmans,,8128257874
655,Robby Haggidon,rhaggidoni6,2484872576
656,Shanna Foran,sforani7,7051991486
657,Cecile Willans,cwillansi8,7323781133
658,Willi Colcomb,,5733152013
659,Ilse Bradneck,,4105486967
660,Francene Bigadike,fbigadikeib,8569672596
661,Eugenius Ort,eortic,9352267904
662,Grata Murty,,5618415277
663,Ulrika Spaduzza,uspaduzzaie,3361941274
664,Christoper Millbank,,7117229464
665,Mariquilla Finney,,8923150046
666,Kippar Duerden,kduerdenih,9358691824
667,Alisha Jelphs,ajelphsii,5683385049
668,Moss Ailsbury,,5327322177
669,Mac Gepson,mgepsonik,3503993141
670,Nelly McQuirk,nmcquirkil,3772446577
671,Atlante Ivanyukov,,6167890041
672,Udall O'Flaherty,uoflahertyin,5423884234
673,Renie Fasham,,2641560160
674,Tades Caccavari,tcaccavariip,8391418050
675,Rori Brand,rbrandiq,1963321286
676,Lindi Busain,lbusainir,2617086783
677,Irving Trodler,,1139711066
678,Corey Colquyte,ccolquyteit,7624411507
679,Kimmi Lauthian,klauthianiu,9563212291
680,Hercule Bisson,,3276123363
681,Ariana Drohane,,6574690545
682,Florie Gritsunov,,9835503517
683,Kingsley Cucinotta,kcucinottaiy,1108036086
684,Marcia Berr,mberriz,6373104229
685,Lydie Czapla,lczaplaj0,2657187899
686,Abelard Ourtic,aourticj1,6446805538
687,Nari Southern,nsouthernj2,3386269851
688,Emeline Sewter,esewterj3,9643141305
689,Taryn Alvy,,6979201793
690,Katleen Dinneges,kdinnegesj5,8873131986
691,Yoshiko Munt,,3483526530
692,Elvina Doiley,,9709014348
693,Rriocard Grubb,rgrubbj8,8077415483
694,Ricca Orvis,rorvisj9,2238422042
695,Bronnie Panchin,bpanchinja,1546699540
696,Claybourne Amis,camisjb,5601481313
697,Patin Killingbeck,pkillingbeckjc,6581113251
698,Adriane McSorley,amcsorleyjd,7738084120
699,Sherlocke Charrier,,1672505027
700,Thorstein Willars,twillarsjf,8449111359
701,Marcelle Landal,,9511033858
702,Waly Hitzmann,,2063244774
703,Roosevelt Copley,rcopleyji,6695242346
704,Britte Sawdon,,6927972441
705,Sheree Farge,sfargejk,4209306638
706,Cliff Potts,cpottsjl,1603073737
707,Ardys Jardine,,7218441518
708,Coretta Sybry,,1885958770
709,Antons Kopelman,akopelmanjo,2023013288
710,Gayla Laxen,,3692290342
711,Margarethe Silverlock,,4256145294
712,Edgardo Gillinghams,,8531061672
713,Gare Brocks,,9963728666
714,Ambros Beckey,abeckeyjt,9146622224
715,Max Riddoch,mriddochju,2929400237
716,Tybie Djorvic,,4584526803
717,Thurston Bovis,,3056486213
718,Raynor Hamshar,,5825417914
719,Irv Bachman,ibachmanjy,6687681181
720,Kale Shreenan,kshreenanjz,8997799341
721,Alameda Koubek,,7101134891
722,Zorah Boatwright,zboatwrightk1,2266826198
723,Nobe Dunckley,ndunckleyk2,7478392280
724,Berti Hanse,bhansek3,8906999900
725,Carlene Siddle,csiddlek4,9898866316
726,Haily Woloschin,hwoloschink5,1414869124
727,Cazzie Scandrett,,6568693889
728,Georgia Cavell,gcavellk7,8846700694
729,Bobinette Baccas,bbaccask8,7771428936
730,Zia Hucker,zhuckerk9,7445535081
731,Elinor Hazley,ehazleyka,4939764682
732,Jonie Weblin,,4629437785
733,Ardith Drennan,,7095829075
734,Case Hyrons,chyronskd,4697489961
735,Ignace Fydoe,,8657992647
736,Jamal Giannoni,,1155680648
737,Krista Bernucci,kbernuccikg,6421180563
738,Brigid Grimley,,2436738349
739,Julius Falconbridge,jfalconbridgeki,4396529414
740,Allis Filipputti,afilipputtikj,6657897504
741,Trefor Voules,tvouleskk,9814512964
742,Timmie Murie,,1039604794
743,Ferdinanda Cattell,,4934071352
744,Patrice Edge,,1512422624
745,Ulrick Kingwell,ukingwellko,6114460196
746,Aldridge Middup,amiddupkp,6557099668
747,Nefen Deare,,1585941991
748,Valencia Guyot,vguyotkr,8092755577
749,Nell Copp,ncoppks,3984790812
750,Cal Gateshill,cgateshillkt,3954472959
751,Sam Schoenleiter,,8278838892
752,Almira Guyver,,5136877059
753,Baudoin Trumpeter,btrumpeterkw,8553871425
754,Muffin Dovinson,mdovinsonkx,2532118717
755,Der Dulwich,,2605689128
756,Lynnet Fowles,lfowleskz,4102802187
757,Darrelle Tighe,,1121903987
758,Klarrisa Seamon,kseamonl1,4767780492
759,Grazia McIlwraith,gmcilwraithl2,9578355505
760,Coleen Clougher,,6485623119
761,Win Linklet,,2164646793
762,Barbra Sherburn,bsherburnl5,1706003161
763,Shay Lumly,,8555264873
764,Corbett Verbeke,,5738978395
765,Elwin Mapham,emaphaml8,3889044495
766,Rosabella Tilzey,,9316886891
767,Jeannette Sales,jsalesla,3601341658
768,Petra Welden,,7149814390
769,Petrina Haseldine,,7277887290
770,Verney Gammidge,,8646920509
771,Hildagarde Clutton,hcluttonle,6167727702
772,Gary Sawdy,gsawdylf,7294439469
773,Zita Marler,,9101597124
774,Roseanne Reicharz,rreicharzlh,9199159131
775,Catlee Mordin,,8473908416
776,Dasie Oxley,,1462257175
777,Jerrilyn Sonner,jsonnerlk,1463816244
778,Dasha Strond,dstrondll,4423160904
779,Beryle Tiernan,btiernanlm,1536392070
780,Karel Tolemache,ktolemacheln,5012749061
781,Wallache Padginton,wpadgintonlo,1811584135
782,Callean Slight,,1228042481
783,Marshall Woolen,mwoolenlq,7983483455
784,Bartlet Quenby,bquenbylr,6282492603
785,Mason Hugueville,,8022444766
786,Aleen Buddell,,8877338478
787,Tab Van Leeuwen,tvanlu,8743511576
788,Huntley Lucas,,7196955639
789,Evy Chagg,,9166445325
790,Karoline Durand,kdurandlx,1664278530
791,Nikki Chadwin,nchadwinly,2321815046
792,Farrah Jedrychowski,fjedrychowskilz,7374833581
793,Albertine Frany,afranym0,4617764663
794,Orsa Levene,olevenem1,4254585190
795,Jamie Deeth,,9739273891
796,Malynda Linner,,8465202590
797,Anni Cowser,acowserm4,7273259531
798,Marna Groll,mgrollm5,5263151930
799,Bernardo Lorenzo,,8077591105
800,Karine Joret,,1146273655
801,Ileane Farahar,ifaraharm8,4627912200
802,Jasmine Brambell,,8409672351
803,Minny Boldecke,,1652144553
804,Vilma Pashan,vpashanmb,9492641544
805,Torr Capelin,tcapelinmc,3695043180
806,Christyna Athow,,7615512887
807,Emylee Strangman,estrangmanme,8529124866
808,Cherilyn Miliffe,cmiliffemf,8999180198
809,Phelia Wilkison,pwilkisonmg,5543458458
810,Viki Wraxall,vwraxallmh,7487016577
811,Rafael Wakely,,5934300243
812,Kippie Abbyss,,7345223385
813,Sibby Castelain,scastelainmk,8119471408
814,Neal Golt,,4406421158
815,Kally Note,knotemm,2292218087
816,Lilah Cosford,lcosfordmn,4454853238
817,Michaeline Gilphillan,,8191664102
818,Dyana Tennet,dtennetmp,5943745981
819,Shandee Atkins,satkinsmq,4206045496
820,Osbourne Abelovitz,oabelovitzmr,2478237164
821,Shannan Moodie,smoodiems,8106826829
822,Ethelred Layman,,2797013118
823,Candi Fabbro,cfabbromu,1116680975
824,Lindsy Houselee,,1555599525
825,Deloris Cashmore,dcashmoremw,6738390528
826,Adams Hamnett,ahamnettmx,3182531137
827,Isidore Preston,iprestonmy,5999204562
828,Alisa Manicomb,,4838396224
829,Grace Carlet,gcarletn0,8025019017
830,Lou Weathey,lweatheyn1,6201942455
831,Eudora Pic,epicn2,7939497917
832,Tremain McKibbin,,3113459850
833,Arch Mucci,,1634170071
834,Jemmie Janota,jjanotan5,5795283472
835,Shannon Twinbourne,stwinbournen6,5167779252
836,Karlie Crosio,,2688921888
837,Marc McOnie,mmconien8,3983402202
838,Yevette Dykas,,4216750754
839,Hailee McGriele,hmcgrielena,8502926557
840,Evangeline Dummett,,8238719342
841,Vivia Macias,vmaciasnc,2113591108
842,Felice Frankum,,2465475286
843,Lenard Phillott,,5845292940
844,Niels Bickerdyke,nbickerdykenf,2738778809
845,Sigfried Labuschagne,slabuschagneng,9802626505
846,Dyanna Galpin,dgalpinnh,7703461981
847,Merrielle Aldcorne,,2165007905
848,Norine De Few,ndenj,4457949570
849,Enrichetta Renfrew,,3265324618
850,Sarine Stolting,,9396747604
851,Pansie Poutress,,3799152439
852,Franny Castro,fcastronn,4436110251
853,Joycelin Balstone,jbalstoneno,6222102113
854,Maud Danilenko,mdanilenkonp,2637145274
855,Adelle Treadaway,atreadawaynq,2848776633
856,Feliza Botly,,7058638098
857,Molli Lahrs,mlahrsns,8549370786
858,Ermanno Reville,,4731540910
859,Fulton Keneford,,2009410828
860,Kerstin Creasy,kcreasynv,5797710750
861,Leupold Kitley,lkitleynw,5613795641
862,Trevar Kapiloff,,4013424735
863,Mari Cohalan,,3495221712
864,Hastie Putterill,hputterillnz,1424028058
865,Hedy Basham,,9833894491
866,Kathy Wreak,kwreako1,1863852196
867,Celestyna Lisett,,4453436668
868,Keary Howkins,khowkinso3,6899941033
869,Ritchie Jouanny,rjouannyo4,7857481032
870,Mord Glasard,mglasardo5,1823405930
871,Aubine Walwood,,4481286359
872,Margret Sedgeworth,,3521624246
873,Aldin Caston,,3373233288
874,Rollin Van Geffen,rvano9,2142616027
875,Leslie Sultana,,7903270867
876,Robby Scrimshire,rscrimshireob,5307400815
877,Athene Biddleston,,8692901483
878,Gracie Barkworth,gbarkworthod,3482233269
879,Dewie Standage,dstandageoe,8029294338
880,Idette Tuppeny,,7259109010
881,Wenonah Raselles,,8245930726
882,Darnall Cleave,dcleaveoh,3051222967
883,Barnie Robillart,brobillartoi,2063736673
884,Hali Newhouse,,5504377188
885,Audie Guitt,,9853436249
886,Fabe Kobierski,fkobierskiol,6772700653
887,Lynnea Boatright,lboatrightom,1434929697
888,Morty Laphorn,mlaphornon,5993653369
889,Tabbatha Huzzey,thuzzeyoo,2716940971
890,Tabby Cassley,tcassleyop,4322525234
891,Elga Voules,evoulesoq,2314954522
892,Bert Pinckard,bpinckardor,7547811589
893,Gabie Cowden,gcowdenos,4585459593
894,Roxi Debow,rdebowot,7781789776
895,Maurizio Purkiss,mpurkissou,3825969563
896,Bria Giacomozzo,bgiacomozzoov,9477969299
897,Leona O'Spillane,,9402782536
898,Veronika Stroton,,4799557568
899,Kaylyn Sunman,ksunmanoy,6673057716
900,Piotr Ends,,5031358356
901,Sarena O'Caine,socainep0,8931081087
902,Grayce Elsmore,gelsmorep1,8841688640
903,Tillie Scadding,,9901406180
904,Cherish Goodbairn,cgoodbairnp3,2252884587
905,Cissiee Lombardo,,6302753110
906,Carl Howling,chowlingp5,7435137431
907,Cindra Olenin,coleninp6,8242830778
908,Burke Mullender,bmullenderp7,6844547789
909,Carin Iban,cibanp8,1491471022
910,Thia Bellew,,7869269498
911,Neville Zute,nzutepa,5763977525
912,Jermayne Fardy,,4474891300
913,Valdemar Hayden,vhaydenpc,2036390215
914,Gerry Cumberlidge,,6641093748
915,Brok Purcell,bpurcellpe,6913150429
916,Kimberli Aston,kastonpf,8372685648
917,Kevyn Stelle,kstellepg,3247658996
918,Doloritas Maudson,,2519600258
919,Amandi Fishley,afishleypi,1374500236
920,Raynard McMeekin,rmcmeekinpj,5562930212
921,Meredith Wauchope,mwauchopepk,8869912515
922,Tedi Peakman,tpeakmanpl,8087650540
923,Rutledge Fillery,rfillerypm,6056944327
924,Osborn Sunock,osunockpn,3001240736
925,Nananne Cranstoun,ncranstounpo,2694582452
926,Randy Caisley,rcaisleypp,9043192570
927,Loutitia Bevans,,2987284707
928,Shaine Lacroutz,slacroutzpr,5209988964
929,Maitilde Fleay,,4149742960
930,Rosabelle Oakenfield,roakenfieldpt,6769713580
931,Thorsten Ettels,tettelspu,1217334942
932,Findley Hellyar,fhellyarpv,3414718427
933,Elle Keinrat,ekeinratpw,7441778928
934,Maitilde Settle,msettlepx,1772644628
935,Lil Marritt,lmarrittpy,4879184953
936,Daniel Scritch,dscritchpz,1067294497
937,Abey Cordrey,,9412936735
938,Alyse Schoenfisch,aschoenfischq1,2692500405
939,Benn Perring,,4402368101
940,Charis Tapping,ctappingq3,3717442663
941,Mersey Aumerle,maumerleq4,3464053863
942,Thaddeus Merali,,9189296608
943,Markus Bartosik,mbartosikq6,5853668006
944,Jdavie Firpo,,4315673925
945,Kane Gisbourn,,9977885985
946,Zechariah Mizzi,zmizziq9,5164229156
947,Allayne Corbishley,acorbishleyqa,1879222202
948,Cecil Talboy,ctalboyqb,4111554079
949,Kermie Raise,kraiseqc,1009751448
950,Gerrilee Risebrow,,6734726890
951,Bud McAree,bmcareeqe,2183627155
952,Garrek Schnieder,gschniederqf,2347584028
953,Blakeley Lithcow,,5711629942
954,Sunny Stansfield,sstansfieldqh,4451584389
955,Tabatha Haughey,,9081319548
956,Cale Feyer,cfeyerqj,9098257006
957,Raychel Busfield,,3669748796
958,Vanni Ledram,vledramql,2069732703
959,Abdel Rodenhurst,arodenhurstqm,5384589711
960,Markos Toplin,mtoplinqn,7757371448
961,Elston Durn,edurnqo,7005192151
962,Calhoun Gillio,cgillioqp,8804831769
963,Junia Waterstone,jwaterstoneqq,9872198233
964,Mill Breeton,mbreetonqr,5257389578
965,Adiana Cozins,acozinsqs,2027870018
966,Silvana Tarbard,starbardqt,7574254471
967,Kev Sizzey,ksizzeyqu,7667312805
968,Klemens Letcher,,4915527845
969,Mikel Baily,mbailyqw,5667784490
970,Heidi MacCaffrey,hmaccaffreyqx,8412140588
971,Jocelyn MacKinnon,jmackinnonqy,9096866977
972,Kienan Lazar,klazarqz,2299990219
973,Bertina Pordal,bpordalr0,6433669127
974,Idalina Voak,ivoakr1,6799233930
975,Lynnelle Lambertson,,3157150220
976,Stephanie Hubbuck,,8922119835
977,Phillie O'Doogan,podooganr4,2015536562
978,Idalia Glasper,,9917003186
979,Kizzee Etherington,,5454107490
980,Ebenezer Smogur,,5739726620
981,Gerick Abram,,1124925102
982,Kelila Callen,kcallenr9,2351420835
983,Janith Smewing,jsmewingra,6644608588
984,Artemas McIlhone,amcilhonerb,2973461182
985,Claybourne Watt,cwattrc,2886040618
986,Donovan Hazeup,dhazeuprd,6082998275
987,Karole Mash,,6223216694
988,Lanie Whelan,lwhelanrf,6862086171
989,Wyndham Berryman,,1744806841
990,Loella Earl,learlrh,8581238794
991,Kory Padillo,kpadillori,7356336397
992,Philomena Bredbury,,9699819046
993,Pace Deaconson,pdeaconsonrk,1213565457
994,Gunar Poli,gpolirl,7211943666
995,Mufinella Holywell,mholywellrm,9793226118
996,Jillie Margery,jmargeryrn,6551502718
997,Ad Duferie,,6331929917
998,Dur Houseman,dhousemanrp,3483911162
999,Nickolai Gartland,ngartlandrq,7364458117
1000,Rowney Jekel,,9069673156
